<com.webreach.mirth.model.Channel>
  <id>624cd1f1-5948-4bac-9750-6454604d4255</id>
  <name>HL7_Silicon2Selene</name>
  <enabled>true</enabled>
  <version>1.7.1.3422</version>
  <lastModified>
    <time>1287743198718</time>
    <timezone>Europe/Paris</timezone>
  </lastModified>
  <revision>13</revision>
  <sourceConnector>
    <name>sourceConnector</name>
    <properties>
      <property name="port">18046</property>
      <property name="DataType">SOAP Listener</property>
      <property name="listenerAddress">0.0.0.0</property>
      <property name="serviceName">MirthReceptorSAPWS</property>
      <property name="host">axis:soap://0.0.0.0:18046/services</property>
      <property name="responseValue">sftpwriter1</property>
      <property name="Content-Type">text/xml</property>
    </properties>
    <transformer>
      <steps/>
      <inboundProtocol>XML</inboundProtocol>
      <outboundProtocol>XML</outboundProtocol>
    </transformer>
    <filter>
      <rules/>
    </filter>
    <transportName>SOAP Listener</transportName>
    <mode>SOURCE</mode>
    <enabled>true</enabled>
  </sourceConnector>
  <destinationConnectors>
    <com.webreach.mirth.model.Connector>
      <name>sftpwriter1</name>
      <properties>
        <property name="charsetEncoding">DEFAULT_ENCODING</property>
        <property name="outputAppend">0</property>
        <property name="DataType">File Writer</property>
        <property name="outputPattern">${_id_msg}__${_tipo_msg}${_date_now}.xml</property>
        <property name="template">${message.rawData}</property>
        <property name="host">F:/censo_silicon/SiliconResp</property>
        <property name="binary">0</property>
      </properties>
      <transformer>
        <steps>
          <com.webreach.mirth.model.Step>
            <sequenceNumber>0</sequenceNumber>
            <name>_tipo_msg</name>
            <script>var mapping;try { mapping = msg[&apos;MSH&apos;][&apos;MSH.9&apos;][&apos;MSG.1&apos;].toString() + &quot;_&quot; + msg[&apos;MSH&apos;][&apos;MSH.9&apos;][&apos;MSG.2&apos;].toString(); }catch (e) { logger.error(e);  mapping = &apos;&apos;;}channelMap.put(&apos;_tipo_msg&apos;, validate( mapping , &apos;&apos;, new Array()));</script>
            <type>Mapper</type>
            <data class="map">
              <entry>
                <string>Variable</string>
                <string>_tipo_msg</string>
              </entry>
              <entry>
                <string>DefaultValue</string>
                <string></string>
              </entry>
              <entry>
                <string>RegularExpressions</string>
                <list/>
              </entry>
              <entry>
                <string>Mapping</string>
                <string>msg[&apos;MSH&apos;][&apos;MSH.9&apos;][&apos;MSG.1&apos;].toString() + &quot;_&quot; + msg[&apos;MSH&apos;][&apos;MSH.9&apos;][&apos;MSG.2&apos;].toString()</string>
              </entry>
              <entry>
                <string>isGlobal</string>
                <string>channel</string>
              </entry>
            </data>
          </com.webreach.mirth.model.Step>
          <com.webreach.mirth.model.Step>
            <sequenceNumber>1</sequenceNumber>
            <name>_id_msg</name>
            <script>var mapping;try { mapping = msg[&apos;MSH&apos;][&apos;MSH.10&apos;].toString(); }catch (e) { logger.error(e);  mapping = &apos;&apos;;}channelMap.put(&apos;_id_msg&apos;, validate( mapping , &apos;&apos;, new Array()));</script>
            <type>Mapper</type>
            <data class="map">
              <entry>
                <string>Variable</string>
                <string>_id_msg</string>
              </entry>
              <entry>
                <string>DefaultValue</string>
                <string></string>
              </entry>
              <entry>
                <string>RegularExpressions</string>
                <list/>
              </entry>
              <entry>
                <string>Mapping</string>
                <string>msg[&apos;MSH&apos;][&apos;MSH.10&apos;].toString()</string>
              </entry>
              <entry>
                <string>isGlobal</string>
                <string>channel</string>
              </entry>
            </data>
          </com.webreach.mirth.model.Step>
          <com.webreach.mirth.model.Step>
            <sequenceNumber>2</sequenceNumber>
            <name>_date_now</name>
            <script>var mapping;try { mapping = DateUtil.getCurrentDate(&quot;yyyyMMdd-HHmmss-SSS&quot;);; }catch (e) { logger.error(e);  mapping = &apos;&apos;;}channelMap.put(&apos;_date_now&apos;, validate( mapping , &apos;&apos;, new Array()));</script>
            <type>Mapper</type>
            <data class="map">
              <entry>
                <string>Variable</string>
                <string>_date_now</string>
              </entry>
              <entry>
                <string>DefaultValue</string>
                <string></string>
              </entry>
              <entry>
                <string>RegularExpressions</string>
                <list/>
              </entry>
              <entry>
                <string>Mapping</string>
                <string>DateUtil.getCurrentDate(&quot;yyyyMMdd-HHmmss-SSS&quot;);</string>
              </entry>
              <entry>
                <string>isGlobal</string>
                <string>channel</string>
              </entry>
            </data>
          </com.webreach.mirth.model.Step>
        </steps>
        <inboundTemplate></inboundTemplate>
        <outboundTemplate></outboundTemplate>
        <inboundProtocol>XML</inboundProtocol>
        <outboundProtocol>XML</outboundProtocol>
        <inboundProperties/>
        <outboundProperties/>
      </transformer>
      <filter>
        <rules/>
      </filter>
      <transportName>File Writer</transportName>
      <mode>DESTINATION</mode>
      <enabled>true</enabled>
    </com.webreach.mirth.model.Connector>
  </destinationConnectors>
  <properties>
    <property name="synchronous">true</property>
    <property name="removeNamespace">true</property>
    <property name="transactional">false</property>
    <property name="initialState">started</property>
    <property name="dont_store_filtered">false</property>
    <property name="error_messages_only">false</property>
    <property name="max_message_age">-1</property>
    <property name="store_messages">true</property>
    <property name="encryptData">false</property>
  </properties>
  <preprocessingScript>// Modify the message variable below to pre process data
return message;</preprocessingScript>
  <postprocessingScript>// This script executes once after a message has been processed

//handleError(&quot;b7910ad0-03d2-4f6c-be9e-8d3758f4fef6&quot;);

return;</postprocessingScript>
  <deployScript>// This script executes once when the mule engine is started
// You only have access to the globalMap here to persist data



return;</deployScript>
  <shutdownScript>// This script executes once when the mule engine is stopped
// You only have access to the globalMap here to persist data
return;</shutdownScript>
</com.webreach.mirth.model.Channel>