<?xml version="1.0"?>
<ADT_A03>
    <MSH>
        <MSH.1>|</MSH.1>
        <MSH.2>^~\&amp;</MSH.2>
        <MSH.3>
            <HD.1>AURORA</HD.1>
        </MSH.3>
        <MSH.4>
            <HD.1>AURORA</HD.1>
        </MSH.4>
        <MSH.5>
            <HD.1>GRIFOLS</HD.1>
        </MSH.5>
        <MSH.6>
            <HD.1>GRIFOLS</HD.1>
        </MSH.6>
        <MSH.7>
            <TS.1>20100208121327</TS.1>
        </MSH.7>
        <MSH.8>AMAESTRE001</MSH.8>
        <MSH.9>
            <MSG.1>ADT</MSG.1>
            <MSG.2>A03</MSG.2>
        </MSH.9>
        <MSH.10>20100208122650568</MSH.10>
        <MSH.11>
            <PT.1>P</PT.1>
        </MSH.11>
        <MSH.12>
            <VID.1>2.3.1</VID.1>
        </MSH.12>
        <MSH.13>1</MSH.13>
        <MSH.16>NE</MSH.16>
        <MSH.18>ASCII</MSH.18>
    </MSH>
    <EVN>
        <EVN.1>A03</EVN.1>
        <EVN.2>
            <TS.1>20100208121318</TS.1>
        </EVN.2>
    </EVN>
    <PID>
        <PID.1>1</PID.1>
        <PID.2>
            <CX.1>AN0220844648</CX.1>
        </PID.2>
        <PID.3>
            <CX.1>195813</CX.1>
        </PID.3>
        <PID.5>
            <XPN.1>
                <FN.1>AGUILERA</FN.1>
            </XPN.1>
            <XPN.2>MARTIN</XPN.2>
            <XPN.3>SILVIA MARIA</XPN.3>
        </PID.5>
        <PID.7>
            <TS.1>19790621</TS.1>
        </PID.7>
        <PID.8>M</PID.8>
        <PID.11>
            <XAD.1>BDA. GUADIANA, BQ. 4, 2-A</XAD.1>
            <XAD.3>2513</XAD.3>
            <XAD.4>H</XAD.4>
            <XAD.5>21400</XAD.5>
        </PID.11>
        <PID.13>
            <XTN.1>959471406</XTN.1>
        </PID.13>
        <PID.14>
            <XTN.1>606278021</XTN.1>
        </PID.14>
        <PID.19>21/1011789268</PID.19>
        <PID.20>
            <DLN.1>29486968W</DLN.1>
        </PID.20>
        <PID.24>N</PID.24>
        <PID.26>
            <CE.1>2513</CE.1>
        </PID.26>
        <PID.30>N</PID.30>
    </PID>
    <PD1/>
    <PV1>
        <PV1.1>1</PV1.1>
        <PV1.2>I</PV1.2>
        <PV1.3>
            <PL.1>IZ02</PL.1>
            <PL.2>223</PL.2>
            <PL.3>223-1</PL.3>
            <PL.4>
                <HD.1>1</HD.1>
            </PL.4>
        </PV1.3>
        <PV1.5>
            <CX.1>10001243</CX.1>
        </PV1.5>
        <PV1.7>
            <XCN.1>109</XCN.1>
            <XCN.2>
                <FN.1>DOMINGUEZ PINEDA</FN.1>
            </XCN.2>
            <XCN.3>ANTONIO</XCN.3>
            <XCN.8>mdoctor</XCN.8>
        </PV1.7>
        <PV1.8>
            <XCN.8>mcias</XCN.8>
        </PV1.8>
        <PV1.10>OBS</PV1.10>
        <PV1.11>
            <PL.1>47</PL.1>
        </PV1.11>
        <PV1.14>UR</PV1.14>
        <PV1.15>1</PV1.15>
        <PV1.17>
            <XCN.1>9999</XCN.1>
            <XCN.2>
                <FN.1>DESCONOCIDO</FN.1>
            </XCN.2>
            <XCN.3>DESCONOCIDO</XCN.3>
            <XCN.8>mdoctor</XCN.8>
        </PV1.17>
        <PV1.18>NON</PV1.18>
        <PV1.19>
            <CX.1>2255258</CX.1>
            <CX.6>
                <HD.1>1</HD.1>
            </CX.6>
        </PV1.19>
        <PV1.20>
            <FC.1>S</FC.1>
        </PV1.20>
        <PV1.28>2</PV1.28>
        <PV1.32>0</PV1.32>
        <PV1.33>0</PV1.33>
        <PV1.36>A</PV1.36>
        <PV1.39>TOG</PV1.39>
        <PV1.44>
            <TS.1>20100206082900</TS.1>
        </PV1.44>
        <PV1.45>
            <TS.1>20100208121300</TS.1>
        </PV1.45>
        <PV1.50>
            <CX.1>2255258</CX.1>
            <CX.6>
                <HD.1>1</HD.1>
            </CX.6>
        </PV1.50>
        <PV1.50>
            <CX.1>10001243</CX.1>
            <CX.6>
                <HD.1>1</HD.1>
            </CX.6>
        </PV1.50>
        <PV1.51>V</PV1.51>
    </PV1>
</ADT_A03>
