<?xml version="1.0" encoding="UTF-8"?>
<ADT_A11>
<MSH>
<MSH.1>|</MSH.1>
<MSH.2>^~\&amp;</MSH.2>
<MSH.3>
            <HD.1>AURORA</HD.1>
        </MSH.3>
<MSH.4>
            <HD.1>AURORA</HD.1>
        </MSH.4>
<MSH.5>
            <HD.1>GRIFOLS</HD.1>
        </MSH.5>
<MSH.6>
            <HD.1>GRIFOLS</HD.1>
        </MSH.6>
<MSH.7>
            <TS.1>20100210134545</TS.1>
        </MSH.7>
<MSH.9>
            <MSG.1>ADT</MSG.1>
            <MSG.2>A11</MSG.2>
        </MSH.9>
<MSH.10>20100210135911606</MSH.10>
<MSH.11>
            <PT.1>P</PT.1>
        </MSH.11>
<MSH.12>
<VID.1>2.5</VID.1>
</MSH.12>
</MSH>
<EVN>
        <EVN.1>A11</EVN.1>
        <EVN.2>
            <TS.1>20100210134537</TS.1>
        </EVN.2>
    </EVN>
<PID>
<PID.2>
            <CX.1>AN0226357985</CX.1>
        </PID.2>
<PID.3>
            <CX.1>185165</CX.1>
        </PID.3>
<PID.4>
<CX.1>52273634Q</CX.1>
</PID.4>
<PID.5>
<XPN.1>
                <FN.1>CISCARES</FN.1>
            </XPN.1>
<XPN.2>CONSUELO</XPN.2>
</PID.5>
<PID.6>
<XPN.1>
<FN.1>LEDESMA</FN.1>
</XPN.1>
</PID.6>
<PID.7>
            <TS.1>19671002</TS.1>
        </PID.7>
<PID.8>F</PID.8>
<PID.11>
<XAD.1>
<SAD.1>C/  ALFONSO XII N� 16</SAD.1>
</XAD.1>
<XAD.3>5411</XAD.3>
<XAD.4>H</XAD.4>
<XAD.5>21440</XAD.5>
</PID.11>
<PID.13>
            <XTN.1>618755862</XTN.1>
        </PID.13>
<PID.19>41/0161265340</PID.19>
</PID>
<PV1>
<PV1.1>2256786</PV1.1>
<PV1.2>I</PV1.2>
<PV1.3>
<PL.4>
<HD.1>1</HD.1>
</PL.4>
<PL.7/>
</PV1.3>
<PV1.5>
            <CX.1>10001382</CX.1>
        </PV1.5>
<PV1.7>
<XCN.1/>
<XCN.2>
<FN.1> </FN.1>
</XCN.2>
<XCN.11/>
</PV1.7>
<PV1.10>CIR</PV1.10>
<PV1.14>LE</PV1.14>
<PV1.19>
<CX.1>2256786</CX.1>
</PV1.19>
<PV1.44>
            <TS.1>20100210080200</TS.1>
        </PV1.44>
</PV1>
</ADT_A11>
