<?xml version="1.0" encoding="UTF-8"?>
<ADT_A08>
<MSH>
<MSH.1>|</MSH.1>
<MSH.2>^~\&amp;</MSH.2>
<MSH.3>
            <HD.1>AURORA</HD.1>
        </MSH.3>
<MSH.4>
            <HD.1>AURORA</HD.1>
        </MSH.4>
<MSH.5>
            <HD.1>GRIFOLS</HD.1>
        </MSH.5>
<MSH.6>
            <HD.1>GRIFOLS</HD.1>
        </MSH.6>
<MSH.7>
            <TS.1>20100214111548</TS.1>
        </MSH.7>
<MSH.9>
            <MSG.1>ADT</MSG.1>
            <MSG.2>A08</MSG.2>
        </MSH.9>
<MSH.10>20100214112921163</MSH.10>
<MSH.11>
            <PT.1>P</PT.1>
        </MSH.11>
<MSH.12>
<VID.1>2.5</VID.1>
</MSH.12>
</MSH>
<EVN>
        <EVN.1>A08</EVN.1>
        <EVN.2>
            <TS.1>20100214111451</TS.1>
        </EVN.2>
    </EVN>
<PID>
<PID.2>
            <CX.1>AN0225300786</CX.1>
        </PID.2>
<PID.3>
            <CX.1>68538</CX.1>
        </PID.3>
<PID.4>
<CX.1>29696199W</CX.1>
</PID.4>
<PID.5>
<XPN.1>
                <FN.1>BARQUERO</FN.1>
            </XPN.1>
<XPN.2>ANTONIA MARIA</XPN.2>
</PID.5>
<PID.6>
<XPN.1>
<FN.1>GALAN</FN.1>
</XPN.1>
</PID.6>
<PID.7>
            <TS.1>19480923</TS.1>
        </PID.7>
<PID.8>F</PID.8>
<PID.11>
<XAD.1>
<SAD.1>CALLE NUESTRA SE�ORA DE LA GRANADA 35</SAD.1>
</XAD.1>
<XAD.3>6267</XAD.3>
<XAD.4>H</XAD.4>
<XAD.5>21840</XAD.5>
</PID.11>
<PID.13>
            <XTN.1>626261380</XTN.1>
        </PID.13>
<PID.19>21/0010965500</PID.19>
</PID>
<PV1>
<PV1.1>2258012</PV1.1>
<PV1.2>I</PV1.2>
<PV1.3>
<PL.1>IZ04</PL.1>
<PL.2>407</PL.2>
<PL.3>407-2</PL.3>
<PL.4>
                <HD.1>1</HD.1>
            </PL.4>
<PL.7>1</PL.7>
</PV1.3>
<PV1.5>
            <CX.1>10001520</CX.1>
        </PV1.5>
<PV1.7>
<XCN.1>22</XCN.1>
<XCN.2>
<FN.1>M�. ANGELES BENITO CAPARROS</FN.1>
</XCN.2>
<XCN.11>22</XCN.11>
</PV1.7>
<PV1.10>TRA</PV1.10>
<PV1.14>CE</PV1.14>
<PV1.19>
<CX.1>2258012</CX.1>
</PV1.19>
<PV1.44>
            <TS.1>20100214104200</TS.1>
        </PV1.44>
</PV1>
</ADT_A08>
