<?xml version="1.0" encoding="UTF-8"?>
<ADT_A13>
<MSH>
<MSH.1>|</MSH.1>
<MSH.2>^~\&amp;</MSH.2>
<MSH.3>
            <HD.1>AURORA</HD.1>
        </MSH.3>
<MSH.4>
            <HD.1>AURORA</HD.1>
        </MSH.4>
<MSH.5>
            <HD.1>GRIFOLS</HD.1>
        </MSH.5>
<MSH.6>
            <HD.1>GRIFOLS</HD.1>
        </MSH.6>
<MSH.7>
            <TS.1>20100216180300</TS.1>
        </MSH.7>
<MSH.9>
            <MSG.1>ADT</MSG.1>
            <MSG.2>A13</MSG.2>
        </MSH.9>
<MSH.10>20100216181638607</MSH.10>
<MSH.11>
            <PT.1>P</PT.1>
        </MSH.11>
<MSH.12>
<VID.1>2.5</VID.1>
</MSH.12>
</MSH>
<EVN>
        <EVN.1>A13</EVN.1>
        <EVN.2>
            <TS.1>20100216180257</TS.1>
        </EVN.2>
    </EVN>
<PID>
<PID.2>
            <CX.1>AN0247082643</CX.1>
        </PID.2>
<PID.3>
            <CX.1>125600</CX.1>
        </PID.3>
<PID.4>
<CX.1>29306155S</CX.1>
</PID.4>
<PID.5>
<XPN.1>
                <FN.1>DIAZ</FN.1>
            </XPN.1>
<XPN.2>BERNARDO</XPN.2>
</PID.5>
<PID.6>
<XPN.1>
<FN.1>LAGARES</FN.1>
</XPN.1>
</PID.6>
<PID.7>
            <TS.1>19400401</TS.1>
        </PID.7>
<PID.8>M</PID.8>
<PID.11>
<XAD.1>
<SAD.1>POETA JOSE M.CALERO,BL-3-1B</SAD.1>
</XAD.1>
<XAD.3>5221</XAD.3>
<XAD.4>H</XAD.4>
<XAD.5>21700</XAD.5>
</PID.11>
<PID.13>
            <XTN.1>637930220</XTN.1>
        </PID.13>
<PID.19>21/0008115600</PID.19>
</PID>
<PV1>
<PV1.1>2258955</PV1.1>
<PV1.2>I</PV1.2>
<PV1.3>
<PL.1>IZ05</PL.1>
<PL.2>515</PL.2>
<PL.3>515-1</PL.3>
<PL.4>
                <HD.1>1</HD.1>
            </PL.4>
<PL.7>1</PL.7>
</PV1.3>
<PV1.5>
            <CX.1>10001607</CX.1>
        </PV1.5>
<PV1.7>
<XCN.1>108</XCN.1>
<XCN.2>
<FN.1>MATILDE CASTILLO MADRIGAL</FN.1>
</XCN.2>
<XCN.11>108</XCN.11>
</PV1.7>
<PV1.10>DIG</PV1.10>
<PV1.14>CE</PV1.14>
<PV1.19>
<CX.1>2258955</CX.1>
</PV1.19>
<PV1.44>
            <TS.1>20100216111400</TS.1>
        </PV1.44>
</PV1>
</ADT_A13>
