<?xml version="1.0"?>
<ADT_A01>
    <MSH>
        <MSH.1>|</MSH.1>
        <MSH.2>^~\&amp;</MSH.2>
        <MSH.3>
            <HD.1>AURORA</HD.1>
        </MSH.3>
        <MSH.4>
            <HD.1>AURORA</HD.1>
        </MSH.4>
        <MSH.5>
            <HD.1>GRIFOLS</HD.1>
        </MSH.5>
        <MSH.6>
            <HD.1>GRIFOLS</HD.1>
        </MSH.6>
        <MSH.7>
            <TS.1>20100216180300</TS.1>
        </MSH.7>
        <MSH.8>UARENAS</MSH.8>
        <MSH.9>
            <MSG.1>ADT</MSG.1>
            <MSG.2>A13</MSG.2>
        </MSH.9>
        <MSH.10>20100216181638607</MSH.10>
        <MSH.11>
            <PT.1>P</PT.1>
        </MSH.11>
        <MSH.12>
            <VID.1>2.3.1</VID.1>
        </MSH.12>
        <MSH.13>1</MSH.13>
        <MSH.16>NE</MSH.16>
        <MSH.18>ASCII</MSH.18>
    </MSH>
    <EVN>
        <EVN.1>A13</EVN.1>
        <EVN.2>
            <TS.1>20100216180257</TS.1>
        </EVN.2>
    </EVN>
    <PID>
        <PID.1>1</PID.1>
        <PID.2>
            <CX.1>AN0247082643</CX.1>
        </PID.2>
        <PID.3>
            <CX.1>125600</CX.1>
        </PID.3>
        <PID.5>
            <XPN.1>
                <FN.1>DIAZ</FN.1>
            </XPN.1>
            <XPN.2>LAGARES</XPN.2>
            <XPN.3>BERNARDO</XPN.3>
        </PID.5>
        <PID.7>
            <TS.1>19400401</TS.1>
        </PID.7>
        <PID.8>H</PID.8>
        <PID.11>
            <XAD.1>POETA JOSE M.CALERO,BL-3-1B</XAD.1>
            <XAD.3>5221</XAD.3>
            <XAD.4>H</XAD.4>
            <XAD.5>21700</XAD.5>
        </PID.11>
        <PID.13>
            <XTN.1>637930220</XTN.1>
        </PID.13>
        <PID.14>
            <XTN.1>645568393</XTN.1>
        </PID.14>
        <PID.19>21/0008115600</PID.19>
        <PID.20>
            <DLN.1>29306155S</DLN.1>
        </PID.20>
        <PID.24>N</PID.24>
        <PID.26>
            <CE.1>5221</CE.1>
        </PID.26>
        <PID.30>N</PID.30>
    </PID>
    <PD1/>
    <NK1/>
    <PV1>
        <PV1.1>1</PV1.1>
        <PV1.2>I</PV1.2>
        <PV1.3>
            <PL.1>IZ05</PL.1>
            <PL.2>515</PL.2>
            <PL.3>515-1</PL.3>
            <PL.4>
                <HD.1>1</HD.1>
            </PL.4>
        </PV1.3>
        <PV1.5>
            <CX.1>10001607</CX.1>
        </PV1.5>
        <PV1.7>
            <XCN.1>0</XCN.1>
            <XCN.8>mdoctor</XCN.8>
        </PV1.7>
        <PV1.8>
            <XCN.8>mcias</XCN.8>
        </PV1.8>
        <PV1.10>DIG</PV1.10>
        <PV1.11>
            <PL.1>229</PL.1>
        </PV1.11>
        <PV1.14>CE</PV1.14>
        <PV1.15>1</PV1.15>
        <PV1.17>
            <XCN.1>108</XCN.1>
            <XCN.2>
                <FN.1>CASTILLO MADRIGAL</FN.1>
            </XCN.2>
            <XCN.3>MATILDE</XCN.3>
            <XCN.8>mdoctor</XCN.8>
        </PV1.17>
        <PV1.18>NON</PV1.18>
        <PV1.19>
            <CX.1>2258955</CX.1>
            <CX.6>
                <HD.1>1</HD.1>
            </CX.6>
        </PV1.19>
        <PV1.20>
            <FC.1>S</FC.1>
        </PV1.20>
        <PV1.28>1</PV1.28>
        <PV1.32>0</PV1.32>
        <PV1.33>0</PV1.33>
        <PV1.39>MED</PV1.39>
        <PV1.44>
            <TS.1>20100216111400</TS.1>
        </PV1.44>
        <PV1.50>
            <CX.1>2258955</CX.1>
            <CX.6>
                <HD.1>1</HD.1>
            </CX.6>
        </PV1.50>
        <PV1.50>
            <CX.1>10001607</CX.1>
            <CX.6>
                <HD.1>1</HD.1>
            </CX.6>
        </PV1.50>
        <PV1.51>V</PV1.51>
    </PV1>
</ADT_A01>
